Customer_Id,CustomerFirstName,CustomerLastName,Address,City,Store_ID,CountryID
C0187,Wanjiru,Choi,009 YXVYPAU Street,VWAXR,S622,ALG
C0314,Jack,Robert,009 YXVYPAU Street,VWAXR,S622,ALG
C0342,Mwangi,Le,009 YXVYPAU Street,VWAXR,S622,ALG
C0434,Phoena,García,009 YXVYPAU Street,VWAXR,S622,ALG
C1051,Erik,Fernández,009 YXVYPAU Street,VWAXR,S622,ALG
C1323,Chidinma,Tanaka,009 YXVYPAU Street,VWAXR,S622,ALG
C0696,Njeri,Rodríguez,094 JAGVPKS Street,LLFOH,S198,ALG
C0493,John,González,107 RCPJOWT Street,TANVX,S682,ALG
C1208,Sara,Kaya,107 RCPJOWT Street,TANVX,S682,ALG
C0153,Amina,Hoang,172 BPJYRQT Street,JXACY,S1299,ALG
C0787,Yan,Park,172 BPJYRQT Street,JXACY,S1299,ALG
C0981,Hugo,Hoang,172 BPJYRQT Street,JXACY,S1299,ALG
C1185,Jennifer,Schneider,172 BPJYRQT Street,JXACY,S1299,ALG
C0440,Jeamelee,Choi,240 AOODAHQ Street,EOHPE,S444,ALG
C1008,Akinyi,Kim,240 AOODAHQ Street,EOHPE,S444,ALG
C1066,Njeri,Park,240 AOODAHQ Street,EOHPE,S444,ALG
C1217,Guadalupe,Fernández,240 AOODAHQ Street,EOHPE,S444,ALG
C1478,Yağmur,Kumar,240 AOODAHQ Street,EOHPE,S444,ALG
C0548,Jennifer,Singh,243 HBUGVXQ Street,HGJGR,S623,ALG
C0971,Manon,Nguyen,243 HBUGVXQ Street,HGJGR,S623,ALG
C1236,Fang,Fischer,243 HBUGVXQ Street,HGJGR,S623,ALG
C1477,Elif,López,243 HBUGVXQ Street,HGJGR,S623,ALG
C0065,Wiktoria,Pham,296 JFFKTVK Street,WIHEQ,S361,ALG
C0348,Amelia,Johnson,296 JFFKTVK Street,WIHEQ,S361,ALG
C0822,Akinyi,Vlachos,296 JFFKTVK Street,WIHEQ,S361,ALG
C0915,Seo-Yun,Martin,296 JFFKTVK Street,WIHEQ,S361,ALG
C0952,Hiroto,Le,296 JFFKTVK Street,WIHEQ,S361,ALG
C0501,Diya,Stoica,301 MPGRZQJ Street,KEQDG,S675,ALG
C0876,Karram,Liu,301 MPGRZQJ Street,KEQDG,S675,ALG
C0081,Jakub,Demir,319 YZLDMKS Street,PWVUK,S1003,ALG
C0519,Manon,Sharma,319 YZLDMKS Street,PWVUK,S1003,ALG
C0791,Mary,Takahashi,319 YZLDMKS Street,PWVUK,S1003,ALG
C0325,Yuki,Watanabe,341 XTESFPG Street,IXJJM,S656,ALG
C0819,Isha,Sato,341 XTESFPG Street,IXJJM,S656,ALG
C1016,Fang,Russo,341 XTESFPG Street,IXJJM,S656,ALG
C1264,Ava,Rodríguez,341 XTESFPG Street,IXJJM,S656,ALG
C1381,Karram,Le,395 XHKISUR Street,ZOQOD,S601,ALG
C1177,Emily,Wang,397 TZRVQKA Street,GSPBW,S347,ALG
C0072,Alexander,Singh,563 LFSSODB Street,MHYVG,S417,ALG
C0380,Emily,García,563 LFSSODB Street,MHYVG,S417,ALG
C0115,Njeri,Clarke,661 HGNNYAD Street,MXNBR,S768,ALG
C1117,Kamau,Choi,661 HGNNYAD Street,MXNBR,S768,ALG
C0017,Yağmur,Johnson,670 DMBLYII Street,RPBEO,S1006,ALG
C0099,Ana,Park,670 DMBLYII Street,RPBEO,S1006,ALG
C0786,Adebayo,Popov,670 DMBLYII Street,RPBEO,S1006,ALG
C0890,Yağmur,Dubois,670 DMBLYII Street,RPBEO,S1006,ALG
C0316,Isha,Fernández,693 PIWZXOP Street,WLJVK,S060,ALG
C0518,Ming,Müller,693 PIWZXOP Street,WLJVK,S060,ALG
C1156,Hina,Sato,693 PIWZXOP Street,WLJVK,S060,ALG
C1335,Ana,Sharma,693 PIWZXOP Street,WLJVK,S060,ALG
C0114,Linda,Fernández,758 QNFREQQ Street,IJCPN,S1031,ALG
C0784,Isha,Demir,758 QNFREQQ Street,IJCPN,S1031,ALG
C0972,Maximilian,Sharma,758 QNFREQQ Street,IJCPN,S1031,ALG
C1109,Maximilian,Patel,758 QNFREQQ Street,IJCPN,S1031,ALG
C0013,Emma,Martin,873 GKKAWWZ Street,YOTUX,S1261,ALG
C0123,Samantha,Sokolov,873 GKKAWWZ Street,YOTUX,S1261,ALG
C0560,Mateo,Weber,873 GKKAWWZ Street,YOTUX,S1261,ALG
C0672,Ming,Kumar,873 GKKAWWZ Street,YOTUX,S1261,ALG
C0884,Ming,Ivanov,873 GKKAWWZ Street,YOTUX,S1261,ALG
C1037,Tyrese,Pham,873 GKKAWWZ Street,YOTUX,S1261,ALG
C0172,Samantha,Fischer,937 BKUWLPU Street,YSFLC,S687,ALG
C1072,Aurora,Popov,937 BKUWLPU Street,YSFLC,S687,ALG
C0871,Berat,Schneider,984 FYOVWHW Street,MSRIO,S1062,ALG
C0068,Jakub,Weber,119 KGZIUXL Street,DWWUO,S405,ARG
C0135,Robert,Watanabe,119 KGZIUXL Street,DWWUO,S405,ARG
C0624,Hugo,González,119 KGZIUXL Street,DWWUO,S405,ARG
C0846,Hugo,Kim,119 KGZIUXL Street,DWWUO,S405,ARG
C0036,Sophia,Nguyen,128 IKKYQSP Street,JDNDX,S820,ARG
C0198,Chukwuma,Dumitrescu,128 IKKYQSP Street,JDNDX,S820,ARG
C0297,Amina,Ivanov,128 IKKYQSP Street,JDNDX,S820,ARG
C0426,Wiktoria,Nguyen,128 IKKYQSP Street,JDNDX,S820,ARG
C0759,Jie,Dubois,128 IKKYQSP Street,JDNDX,S820,ARG
C1035,Jakub,Papadopoulos,128 IKKYQSP Street,JDNDX,S820,ARG
C1108,Harry,Nikolaou,128 IKKYQSP Street,JDNDX,S820,ARG
C1119,Alexander,Williams,128 IKKYQSP Street,JDNDX,S820,ARG
C1151,Yan,Nikolaou,128 IKKYQSP Street,JDNDX,S820,ARG
C0012,Jack,Jung,139 BMYSCJI Street,VWGZI,S569,ARG
C0166,Lucia,Kumar,139 BMYSCJI Street,VWGZI,S569,ARG
C0412,Alice,Le,143 FSFOJNM Street,OXJOO,S912,ARG
C0423,Giulia,Ivanov,143 FSFOJNM Street,OXJOO,S912,ARG
C0750,Phoena,Vlachos,143 FSFOJNM Street,OXJOO,S912,ARG
C1214,Berat,Kumar,143 FSFOJNM Street,OXJOO,S912,ARG
C1398,Hye-Jin,Smirnov,143 FSFOJNM Street,OXJOO,S912,ARG
C0309,Gabriel,Esposito,163 TWCGXDS Street,FJYQH,S094,ARG
C1416,Zuzanna,Jung,163 TWCGXDS Street,FJYQH,S094,ARG
C0578,Mei,Schneider,234 JWVKLLG Street,BZQZS,S1460,ARG
C0838,Ming,Tran,234 JWVKLLG Street,BZQZS,S1460,ARG
C1375,Adebayo,Ionescu,234 JWVKLLG Street,BZQZS,S1460,ARG
C0609,Filip,Watanabe,249 JIKCPIC Street,QEGCU,S1013,ARG
C0681,Emir,Johnson,249 JIKCPIC Street,QEGCU,S1013,ARG
C0714,Zeynep,Kuznetsov,249 JIKCPIC Street,QEGCU,S1013,ARG
C0751,Robert,Kuznetsov,249 JIKCPIC Street,QEGCU,S1013,ARG
C1305,Ren,Smith,249 JIKCPIC Street,QEGCU,S1013,ARG
C0188,Lucia,Lee,254 NCCKZQT Street,RQHNM,S681,ARG
C0269,Robert,Şahin,254 NCCKZQT Street,RQHNM,S681,ARG
C0436,Sofia,Dumitrescu,254 NCCKZQT Street,RQHNM,S681,ARG
C0451,Emir,Tanaka,254 NCCKZQT Street,RQHNM,S681,ARG
C0627,Maximilian,Ivanov,254 NCCKZQT Street,RQHNM,S681,ARG
C0962,Ren,Wilson,254 NCCKZQT Street,RQHNM,S681,ARG
C1382,Gabriel,Nikolaou,254 NCCKZQT Street,RQHNM,S681,ARG
C0141,Aya,Papadopoulos,268 CAFFFYT Street,IEUPF,S334,ARG
C0757,James,Smith,268 CAFFFYT Street,IEUPF,S334,ARG
C0794,Hina,Çelik,268 CAFFFYT Street,IEUPF,S334,ARG
C0253,Phoena,Zhang,298 BVCFEKJ Street,RSXZY,S1288,ARG
C0418,Alice,Tran,298 BVCFEKJ Street,RSXZY,S1288,ARG
C0497,Ivan,Ivanov,298 BVCFEKJ Street,RSXZY,S1288,ARG
C1347,Hina,Kaya,298 BVCFEKJ Street,RSXZY,S1288,ARG
C1453,Diya,Fernández,298 BVCFEKJ Street,RSXZY,S1288,ARG
C0865,Manon,Pham,325 WOGKNBD Street,LMZKC,S1237,ARG
C1077,Giulia,Bernard,325 WOGKNBD Street,LMZKC,S1237,ARG
C1370,Ming,Ferrari,325 WOGKNBD Street,LMZKC,S1237,ARG
C1422,Zeynep,Çelik,325 WOGKNBD Street,LMZKC,S1237,ARG
C0267,Ahmed,Esposito,371 GPGQCWV Street,DMSPA,S741,ARG
C1129,Min-Jun,Fischer,371 GPGQCWV Street,DMSPA,S741,ARG
C1258,Zuzanna,Smirnov,371 GPGQCWV Street,DMSPA,S741,ARG
C0960,Karl,Müller,552 BZZTUZE Street,ICPGT,S237,ARG
C0607,Gabriel,Schmidt,565 KMFYDGW Street,TNNQB,S1481,ARG
C0933,Adebayo,Williams,565 KMFYDGW Street,TNNQB,S1481,ARG
C0285,José,Patel,606 NNWOIAG Street,HABPW,S1331,ARG
C0471,Yui,Papadopoulos,606 NNWOIAG Street,HABPW,S1331,ARG
C0979,Lucas,Martin,606 NNWOIAG Street,HABPW,S1331,ARG
C1436,Hina,Smirnov,606 NNWOIAG Street,HABPW,S1331,ARG
C0618,Guadalupe,Popescu,670 PHTUUWD Street,IDDEA,S1054,ARG
C0639,Wei,Papadopoulos,670 PHTUUWD Street,IDDEA,S1054,ARG
C0991,Zuzanna,Park,670 PHTUUWD Street,IDDEA,S1054,ARG
C1421,Ji-Woo,Kuznetsov,670 PHTUUWD Street,IDDEA,S1054,ARG
C0366,Daria,Kim,725 HNOWUWZ Street,YOXZW,S1264,ARG
C0395,Julia,Ivanov,725 HNOWUWZ Street,YOXZW,S1264,ARG
C0468,Erik,Tanaka,725 HNOWUWZ Street,YOXZW,S1264,ARG
C0954,Michael,González,725 HNOWUWZ Street,YOXZW,S1264,ARG
C0429,Mohamed,Patel,866 QYOICTO Street,BJRCF,S277,ARG
C0907,Jennifer,Patel,866 QYOICTO Street,BJRCF,S277,ARG
C1251,Chidinma,Watanabe,866 QYOICTO Street,BJRCF,S277,ARG
C0520,Julia,Gupta,882 SSAVJAH Street,OGBSE,S1047,ARG
C0715,Sai,Smith,882 SSAVJAH Street,OGBSE,S1047,ARG
C0765,Paulette,Smith,882 SSAVJAH Street,OGBSE,S1047,ARG
C0720,Karram,Vlachos,968 IOHJLHE Street,QOEHX,S603,ARG
C0524,Adebayo,Schneider,995 OANNVDA Street,GXVPB,S896,ARG
C0583,Hina,Tran,995 OANNVDA Street,GXVPB,S896,ARG
C1040,Aanya,Ferrari,995 OANNVDA Street,GXVPB,S896,ARG
C1186,Michael,Gupta,995 OANNVDA Street,GXVPB,S896,ARG
C0329,Oliver,Lee,015 KQHFEPD Street,QVCWC,S1328,AUS
C0569,Berat,García,015 KQHFEPD Street,QVCWC,S1328,AUS
C1042,Mei,Gupta,015 KQHFEPD Street,QVCWC,S1328,AUS
C1112,Joon,Demir,015 KQHFEPD Street,QVCWC,S1328,AUS
C1367,Zuzanna,Nikolaou,015 KQHFEPD Street,QVCWC,S1328,AUS
C1310,Michael,Georgiou,041 SQJLYBL Street,YOUGG,S992,AUS
C0086,Min-Jun,Jung,121 OGLRKVB Street,RLIWM,S012,AUS
C0128,Zuzanna,Nguyen,121 OGLRKVB Street,RLIWM,S012,AUS
C1137,Francesco,Li,121 OGLRKVB Street,RLIWM,S012,AUS
C1368,Amelia,Tanaka,121 OGLRKVB Street,RLIWM,S012,AUS
C0725,Mateo,Dubois,130 OZNIDHH Street,CTPTD,S933,AUS
C1088,Ahmed,Tran,130 OZNIDHH Street,CTPTD,S933,AUS
C1152,Ren,Tanaka,130 OZNIDHH Street,CTPTD,S933,AUS
C1244,Jennifer,García,130 OZNIDHH Street,CTPTD,S933,AUS
C1410,Bridgette,Papadopoulos,130 OZNIDHH Street,CTPTD,S933,AUS
C0512,Mia,Tran,200 DHYYBUO Street,GCCJP,S221,AUS
C1163,Charlotte,Sokolov,200 DHYYBUO Street,GCCJP,S221,AUS
C1232,Jack,Georgiou,200 DHYYBUO Street,GCCJP,S221,AUS
C0033,Alexander,Müller,298 EHIBCAE Street,PRWSK,S1201,AUS
C0901,Emma,Smirnov,319 EMTKDSK Street,PJEIB,S1133,AUS
C1175,Wanjiru,Choi,319 EMTKDSK Street,PJEIB,S1133,AUS
C1278,Joon,Ferrari,319 EMTKDSK Street,PJEIB,S1133,AUS
C1155,Francesco,Esposito,330 GLXQCDY Street,UTQXY,S602,AUS
C1270,Filip,Robert,330 GLXQCDY Street,UTQXY,S602,AUS
C0441,Alice,Choi,347 IDDRTHQ Street,NTFJB,S337,AUS
C0478,Hannah,Patel,347 IDDRTHQ Street,NTFJB,S337,AUS
C0535,Jack,Ferrari,355 DRMIRTU Street,KRGOJ,S1458,AUS
C0563,Daria,Weber,355 DRMIRTU Street,KRGOJ,S1458,AUS
C1014,Ava,López,355 DRMIRTU Street,KRGOJ,S1458,AUS
C1342,Elif,Nikolaou,386 ZVHCGAK Street,WVIKA,S1027,AUS
C1361,Zuzanna,Şahin,386 ZVHCGAK Street,WVIKA,S1027,AUS
C0105,Ahmed,Esposito,472 ZWGMBIE Street,DJDLO,S411,AUS
C1246,Bridgette,Jung,472 ZWGMBIE Street,DJDLO,S411,AUS
C0902,Sofia,Martin,544 VPNLANK Street,SZAPR,S1051,AUS
C0916,Aarav,Dubois,544 VPNLANK Street,SZAPR,S1051,AUS
C0987,Carlos,Campbell,544 VPNLANK Street,SZAPR,S1051,AUS
C1363,Yağmur,Ivanov,544 VPNLANK Street,SZAPR,S1051,AUS
C0629,Akinyi,Sato,608 UIYOIDT Street,SFMEC,S1303,AUS
C0692,Aanya,Bianchi,648 XQYQTNQ Street,OSSSE,S409,AUS
C0798,Elif,Sharma,648 XQYQTNQ Street,OSSSE,S409,AUS
C1027,Filip,Ionescu,648 XQYQTNQ Street,OSSSE,S409,AUS
C1142,Karl,Nguyen,648 XQYQTNQ Street,OSSSE,S409,AUS
C1360,Lucas,Esposito,648 XQYQTNQ Street,OSSSE,S409,AUS
C0322,Beatriz,Taylor,672 AQDNUVY Street,YOMQU,S934,AUS
C0523,Yan,Li,672 AQDNUVY Street,YOMQU,S934,AUS
C0868,Robert,Dimopoulos,672 AQDNUVY Street,YOMQU,S934,AUS
C1182,Elif,Çelik,672 AQDNUVY Street,YOMQU,S934,AUS
C0814,Emily,Sokolov,841 IORPQGF Street,FEHOP,S133,AUS
C0847,Sophia,Stoica,841 IORPQGF Street,FEHOP,S133,AUS
C0990,George,González,841 IORPQGF Street,FEHOP,S133,AUS
C1036,Noah,Martin,841 IORPQGF Street,FEHOP,S133,AUS
C0334,Martina,Singh,951 BJDNQZY Street,RFPFL,S114,AUS
C1351,Fang,Smirnov,951 BJDNQZY Street,RFPFL,S114,AUS
C0802,Chidinma,González,957 DZMLSSA Street,QGHUE,S369,AUS
C0881,João,Rodríguez,957 DZMLSSA Street,QGHUE,S369,AUS
C1253,Gabriel,Yılmaz,957 DZMLSSA Street,QGHUE,S369,AUS
C0069,Francesco,Suzuki,963 ABCSLXY Street,NZZCZ,S203,AUS
C0845,Chidinma,Papadopoulos,963 ABCSLXY Street,NZZCZ,S203,AUS
C0208,Maximilian,Kim,979 GGTAAEP Street,PZMPG,S719,AUS
C0379,Mary,Campbell,979 GGTAAEP Street,PZMPG,S719,AUS
C1481,Yuki,García,979 GGTAAEP Street,PZMPG,S719,AUS
C0371,Mei,Popov,101 DYZAZOO Street,IZUKZ,S827,AUT
C0570,Wei,Singh,101 DYZAZOO Street,IZUKZ,S827,AUT
C0197,Li,Hoang,176 DKGXSKD Street,EIEER,S1143,AUT
C0307,Bridgette,Rodríguez,176 DKGXSKD Street,EIEER,S1143,AUT
C0828,Robert,Hoang,176 DKGXSKD Street,EIEER,S1143,AUT
C0803,Gabriel,Singh,223 WJTVZXL Street,ISMWU,S609,AUT
C1100,Manon,Papadopoulos,223 WJTVZXL Street,ISMWU,S609,AUT
C0173,Francesco,Bernard,309 ZRCWTJV Street,ODZHL,S688,AUT
C0364,Jack,Popescu,309 ZRCWTJV Street,ODZHL,S688,AUT
C0612,Isha,Şahin,309 ZRCWTJV Street,ODZHL,S688,AUT
C0699,Isha,Dubois,309 ZRCWTJV Street,ODZHL,S688,AUT
C0340,Ming,Pham,339 BEXTUAP Street,UDBYO,S029,AUT
C1019,Arjun,Liu,339 BEXTUAP Street,UDBYO,S029,AUT
C1266,Min-Jun,Rodríguez,339 BEXTUAP Street,UDBYO,S029,AUT
C1359,Beatriz,Taylor,339 BEXTUAP Street,UDBYO,S029,AUT
C0855,Fang,Gupta,459 LVILQJP Street,UDKTV,S1357,AUT
C1078,Harry,Kuznetsov,459 LVILQJP Street,UDKTV,S1357,AUT
C1218,Julia,Rossi,459 LVILQJP Street,UDKTV,S1357,AUT
C0312,Mia,Müller,494 POLYXDK Street,GXISH,S1193,AUT
C0930,Jie,Clarke,494 POLYXDK Street,GXISH,S1193,AUT
C0995,Hannah,Zhang,494 POLYXDK Street,GXISH,S1193,AUT
C0574,Chidinma,Choi,495 CQKIUIB Street,MQZSR,S1076,AUT
C1168,Kamau,Demir,495 CQKIUIB Street,MQZSR,S1076,AUT
C1191,Aanya,Popov,495 CQKIUIB Street,MQZSR,S1076,AUT
C0382,Elif,Vlachos,496 NISAUVP Street,WTZBV,S1101,AUT
C0168,Aurora,Russo,572 NZBRJBF Street,RTYSF,S1286,AUT
C1213,Jeamelee,Çelik,572 NZBRJBF Street,RTYSF,S1286,AUT
C0251,Mwangi,Kuznetsov,575 VAHASYY Street,ZJGOD,S285,AUT
C0296,Giulia,Ivanov,575 VAHASYY Street,ZJGOD,S285,AUT
C0459,Mia,Çelik,575 VAHASYY Street,ZJGOD,S285,AUT
C0687,Mateo,López,575 VAHASYY Street,ZJGOD,S285,AUT
C0736,John,Hoang,575 VAHASYY Street,ZJGOD,S285,AUT
C1135,Beatriz,Rodríguez,575 VAHASYY Street,ZJGOD,S285,AUT
C1451,Mateo,Yılmaz,575 VAHASYY Street,ZJGOD,S285,AUT
C0156,Aarav,Kumar,582 UETESJN Street,GDCTK,S754,AUT
C0592,Oliver,Clarke,582 UETESJN Street,GDCTK,S754,AUT
C0649,Jack,Kim,582 UETESJN Street,GDCTK,S754,AUT
C0704,Maximilian,Çelik,582 UETESJN Street,GDCTK,S754,AUT
C1400,Lucas,Chen,582 UETESJN Street,GDCTK,S754,AUT
C0025,Karram,Ferrari,721 ZJNHNRA Street,LXYUU,S096,AUT
C0233,Seo-Yun,Weber,721 ZJNHNRA Street,LXYUU,S096,AUT
C0266,Zeynep,Popescu,721 ZJNHNRA Street,LXYUU,S096,AUT
C0375,Aurora,Campbell,721 ZJNHNRA Street,LXYUU,S096,AUT
C0392,Ming,Ferrari,721 ZJNHNRA Street,LXYUU,S096,AUT
C0632,Chukwuma,Sokolov,827 HXHCXWM Street,AOYRM,S510,AUT
C0970,Emma,Kuznetsov,827 HXHCXWM Street,AOYRM,S510,AUT
C1303,Ava,Suzuki,827 HXHCXWM Street,AOYRM,S510,AUT
C1315,Chloé,Jung,827 HXHCXWM Street,AOYRM,S510,AUT
C1391,Zeynep,Schneider,827 HXHCXWM Street,AOYRM,S510,AUT
C1497,Isha,Patel,827 HXHCXWM Street,AOYRM,S510,AUT
C1092,Fang,Wang,887 RQVAUTM Street,DMQAO,S523,AUT
C1348,Min-Jun,Watanabe,887 RQVAUTM Street,DMQAO,S523,AUT
C0507,João,Rossi,890 KHGXJSG Street,ODHVS,S1048,AUT
C0545,Zeynep,Weber,890 KHGXJSG Street,ODHVS,S1048,AUT
C1093,Daria,Weber,890 KHGXJSG Street,ODHVS,S1048,AUT
C0397,Olivia,Singh,893 SOFKWIT Street,DXSXT,S1109,AUT
C0526,Giulia,Thomas,893 SOFKWIT Street,DXSXT,S1109,AUT
C0140,Sophia,Weber,926 EDPCPHC Street,DKPTS,S1121,AUT
C1095,Yan,Sokolov,926 EDPCPHC Street,DKPTS,S1121,AUT
C1339,Diya,Stoica,926 EDPCPHC Street,DKPTS,S1121,AUT
C0732,Hannah,Yılmaz,979 BOJWRXZ Street,XYERJ,S1068,AUT
C0821,Seo-Yun,Fischer,979 BOJWRXZ Street,XYERJ,S1068,AUT
C0373,João,Rossi,018 CDRHJYG Street,YXYPO,S822,BEL
C0641,Giulia,Singh,018 CDRHJYG Street,YXYPO,S822,BEL
C1405,Elif,Gupta,142 SBQNTPI Street,WDYLK,S336,BEL
C0957,Min-Jun,Williams,145 BGVJNKQ Street,ZFOBB,S1158,BEL
C1172,Lucas,Campbell,145 BGVJNKQ Street,ZFOBB,S1158,BEL
C1356,Daria,Ferrari,145 BGVJNKQ Street,ZFOBB,S1158,BEL
C0030,Aurora,Hoang,229 LAQCPMH Street,JROTS,S001,BEL
C0240,Yağmur,Kumar,229 LAQCPMH Street,JROTS,S001,BEL
C0409,Charlotte,Sato,229 LAQCPMH Street,JROTS,S001,BEL
C0645,Jie,Suzuki,229 LAQCPMH Street,JROTS,S001,BEL
C1032,Fang,López,229 LAQCPMH Street,JROTS,S001,BEL
C0303,José,Dimopoulos,297 FXNITAM Street,RFAYC,S857,BEL
C0643,Yui,Tanaka,297 FXNITAM Street,RFAYC,S857,BEL
C1097,Gabriel,Park,297 FXNITAM Street,RFAYC,S857,BEL
C1224,Min-Jun,Nikolaou,297 FXNITAM Street,RFAYC,S857,BEL
C0445,Wiktoria,Robert,403 BYTKXVR Street,JOJOO,S1043,BEL
C0465,Noah,Patel,403 BYTKXVR Street,JOJOO,S1043,BEL
C0677,Mateo,Smith,403 BYTKXVR Street,JOJOO,S1043,BEL
C1060,Jakub,Choi,403 BYTKXVR Street,JOJOO,S1043,BEL
C0116,Sara,Liu,442 PXLKVNP Street,IJEIO,S831,BEL
C0200,George,Kumar,442 PXLKVNP Street,IJEIO,S831,BEL
C0230,Erik,Singh,442 PXLKVNP Street,IJEIO,S831,BEL
C0414,Aya,Zhang,442 PXLKVNP Street,IJEIO,S831,BEL
C0856,Hiroto,García,442 PXLKVNP Street,IJEIO,S831,BEL
C0925,Ava,Sharma,442 PXLKVNP Street,IJEIO,S831,BEL
C1084,Isha,Takahashi,442 PXLKVNP Street,IJEIO,S831,BEL
C0202,Jakub,Liu,462 VDFMEOI Street,QHQGL,S733,BEL
C0283,Paulette,Takahashi,462 VDFMEOI Street,QHQGL,S733,BEL
C0532,Wei,Gupta,462 VDFMEOI Street,QHQGL,S733,BEL
C0955,Isha,Stoica,462 VDFMEOI Street,QHQGL,S733,BEL
C1233,Emma,Campbell,462 VDFMEOI Street,QHQGL,S733,BEL
C0155,Ahmed,Papadopoulos,491 SFTHMAF Street,AKXBB,S154,BEL
C0193,Samantha,Chen,491 SFTHMAF Street,AKXBB,S154,BEL
C0775,Aurora,Stoica,491 SFTHMAF Street,AKXBB,S154,BEL
C0859,Mei,Hoang,491 SFTHMAF Street,AKXBB,S154,BEL
C0921,Seo-Yun,Müller,491 SFTHMAF Street,AKXBB,S154,BEL
C1377,Emir,Georgiou,491 SFTHMAF Street,AKXBB,S154,BEL
C0488,Amelia,Çelik,496 QSZIILN Street,ERWCZ,S1450,BEL
C0089,Mei,Suzuki,503 CWBKDCM Street,RSJLZ,S833,BEL
C0327,Tyrese,Rossi,503 CWBKDCM Street,RSJLZ,S833,BEL
C1133,Adebayo,Weber,503 CWBKDCM Street,RSJLZ,S833,BEL
C0486,Chukwuma,Pham,546 AMEZBDK Street,YYWOQ,S439,BEL
C1028,Alexander,Kumar,546 AMEZBDK Street,YYWOQ,S439,BEL
C1385,Filip,Tran,546 AMEZBDK Street,YYWOQ,S439,BEL
C0210,Francesco,Jung,570 WTBGCRD Street,JMSEK,S834,BEL
C0430,Lucia,Kim,570 WTBGCRD Street,JMSEK,S834,BEL
C0634,Hugo,Ferrari,570 WTBGCRD Street,JMSEK,S834,BEL
C0863,Berat,Schneider,570 WTBGCRD Street,JMSEK,S834,BEL
C0913,Mia,Popescu,570 WTBGCRD Street,JMSEK,S834,BEL
C1395,Njeri,Liu,570 WTBGCRD Street,JMSEK,S834,BEL
C0663,Giulia,Şahin,675 AYGZBIZ Street,INUAN,S1073,BEL
C1331,Phoena,Fischer,675 AYGZBIZ Street,INUAN,S1073,BEL
C1465,Amina,Singh,675 AYGZBIZ Street,INUAN,S1073,BEL
C1006,Hugo,Stoica,677 SXNOCUZ Street,CMTZV,S959,BEL
C1413,Robert,Rossi,677 SXNOCUZ Street,CMTZV,S959,BEL
C0289,Hye-Jin,Clarke,703 QVOHVIT Street,LTGMV,S185,BEL
C0788,Lucia,Le,703 QVOHVIT Street,LTGMV,S185,BEL
C1054,Julia,Hoang,703 QVOHVIT Street,LTGMV,S185,BEL
C1428,Fatma,Smith,703 QVOHVIT Street,LTGMV,S185,BEL
C1179,Ahmed,Papadopoulos,735 OXPLPKX Street,IKCGQ,S047,BEL
C1401,James,Kuznetsov,735 OXPLPKX Street,IKCGQ,S047,BEL
C0063,Adebayo,Nguyen,743 WRYCZFA Street,EXUQM,S900,BEL
C0496,Fang,Weber,743 WRYCZFA Street,EXUQM,S900,BEL
C0581,Jakub,Nguyen,743 WRYCZFA Street,EXUQM,S900,BEL
C1195,Ayshama,Kumar,743 WRYCZFA Street,EXUQM,S900,BEL
C0185,Sara,Martin,797 VOJDQBU Street,EZWLT,S394,BEL
C0347,Martina,Pham,797 VOJDQBU Street,EZWLT,S394,BEL
C1378,Yağmur,Bernard,797 VOJDQBU Street,EZWLT,S394,BEL
C0157,Wanjiru,Bernard,909 EBVKWWW Street,HKCBG,S489,BEL
C0215,Ming,Kaya,909 EBVKWWW Street,HKCBG,S489,BEL
C1211,Tyrese,Wilson,909 EBVKWWW Street,HKCBG,S489,BEL
C0011,Jeamelee,García,034 IJSWPIY Street,GJEBB,S036,BRA
C0357,Harry,Schneider,034 IJSWPIY Street,GJEBB,S036,BRA
C0650,Chukwuma,Bernard,058 CXJSNVI Street,UPTVS,S220,BRA
C0756,Samantha,Sokolov,124 UOORDQG Street,WITBX,S234,BRA
C1337,Manon,Wang,124 UOORDQG Street,WITBX,S234,BRA
C0005,Alice,Yılmaz,172 LEKYCSF Street,SNDPP,S192,BRA
C0178,Noah,González,172 LEKYCSF Street,SNDPP,S192,BRA
C0789,Linda,Rodríguez,172 LEKYCSF Street,SNDPP,S192,BRA
C0801,Kamau,Zhang,172 LEKYCSF Street,SNDPP,S192,BRA
C1067,Min-Jun,Popov,172 LEKYCSF Street,SNDPP,S192,BRA
C0404,Noah,Singh,186 OCEYOBX Street,PXLFB,S1245,BRA
C0126,Aurora,Sato,262 MMAOBDC Street,WLOLL,S1152,BRA
C1025,Paulette,Le,262 MMAOBDC Street,WLOLL,S1152,BRA
C1432,Sofia,Georgiou,262 MMAOBDC Street,WLOLL,S1152,BRA
C0062,Zeynep,Gupta,339 SEYGDDH Street,KRDHI,S843,BRA
C0361,Ifeoma,Demir,339 SEYGDDH Street,KRDHI,S843,BRA
C0390,John,Vlachos,339 SEYGDDH Street,KRDHI,S843,BRA
C0407,Erik,Fernández,339 SEYGDDH Street,KRDHI,S843,BRA
C1491,Michael,Popov,339 SEYGDDH Street,KRDHI,S843,BRA
C1493,Robert,Smirnov,339 SEYGDDH Street,KRDHI,S843,BRA
C0080,Jakub,Sharma,349 ITSWVBF Street,NXGSD,S379,BRA
C0755,Hina,Weber,349 ITSWVBF Street,NXGSD,S379,BRA
C1101,Erik,Kaya,349 ITSWVBF Street,NXGSD,S379,BRA
C1418,Ana,Dumitrescu,349 ITSWVBF Street,NXGSD,S379,BRA
C0073,Francesco,Pham,372 BUIGWFY Street,QYQWZ,S071,BRA
C0640,Arjun,Sharma,372 BUIGWFY Street,QYQWZ,S071,BRA
C0642,Zuzanna,Rossi,372 BUIGWFY Street,QYQWZ,S071,BRA
C0849,Zuzanna,Fischer,372 BUIGWFY Street,QYQWZ,S071,BRA
C0939,Jeamelee,Popescu,438 GHEHIIU Street,CCOIT,S1420,BRA
C1012,Mia,Chen,438 GHEHIIU Street,CCOIT,S1420,BRA
C1090,Linda,Sato,438 GHEHIIU Street,CCOIT,S1420,BRA
C1293,Li,Singh,438 GHEHIIU Street,CCOIT,S1420,BRA
C0220,Fatma,Singh,588 BROWJCW Street,JQMBH,S1312,BRA
C0708,Sofia,Chen,588 BROWJCW Street,JQMBH,S1312,BRA
C0726,Zeynep,Vlachos,588 BROWJCW Street,JQMBH,S1312,BRA
C1162,José,Sato,588 BROWJCW Street,JQMBH,S1312,BRA
C0318,Yuki,Nguyen,706 TOQEDZS Street,XONHR,S055,BRA
C0479,Li,Çelik,706 TOQEDZS Street,XONHR,S055,BRA
C0516,Yağmur,Popov,706 TOQEDZS Street,XONHR,S055,BRA
C0721,Francesco,Martin,706 TOQEDZS Street,XONHR,S055,BRA
C0298,Yui,Popov,865 AOOZJFP Street,EFKVC,S301,BRA
C0411,Aurora,Nguyen,872 ITYWHGU Street,ANECR,S1336,BRA
C1226,Sai,Bernard,872 ITYWHGU Street,ANECR,S1336,BRA
C0042,Harry,Jones,916 WGXWAUH Street,AZHHB,S806,BRA
C0766,Samantha,Clarke,916 WGXWAUH Street,AZHHB,S806,BRA
C0878,Chidinma,Kumar,916 WGXWAUH Street,AZHHB,S806,BRA
C0353,James,López,936 FRMBHOO Street,EEGAD,S281,BRA
C0584,Chidinma,Pham,936 FRMBHOO Street,EEGAD,S281,BRA
C0917,Emily,Park,936 FRMBHOO Street,EEGAD,S281,BRA
C0324,Phoena,Campbell,944 ZOURLIK Street,CJKVP,S1160,BRA
C0463,Julia,Bernard,944 ZOURLIK Street,CJKVP,S1160,BRA
C0117,Mary,Le,953 ROXFMGM Street,XOBJD,S1395,BRA
C0450,Hye-Jin,Jones,953 ROXFMGM Street,XOBJD,S1395,BRA
C0589,Fang,Robert,953 ROXFMGM Street,XOBJD,S1395,BRA
C0842,Erik,Popov,953 ROXFMGM Street,XOBJD,S1395,BRA
C0893,Ahmed,Chen,953 ROXFMGM Street,XOBJD,S1395,BRA
C1424,Lucas,Vlachos,953 ROXFMGM Street,XOBJD,S1395,BRA
C1485,Aarav,López,953 ROXFMGM Street,XOBJD,S1395,BRA
C0982,Beatriz,Rossi,988 KRJNWCX Street,SUCCT,S190,BRA
C1144,Bridgette,Wang,988 KRJNWCX Street,SUCCT,S190,BRA
C1374,Ana,Fernández,988 KRJNWCX Street,SUCCT,S190,BRA
C0130,Filip,Dumitrescu,069 BJBDHEF Street,XXSHO,S205,BUL
C0764,Carlos,Stanescu,307 FZGQEAC Street,UXLHM,S360,BUL
C1161,Phoena,Gupta,307 FZGQEAC Street,UXLHM,S360,BUL
C0083,Karram,Kuznetsov,318 STJEDDJ Street,WBZZS,S1241,BUL
C0431,Filip,Lee,318 STJEDDJ Street,WBZZS,S1241,BUL
C0924,Hannah,Singh,318 STJEDDJ Street,WBZZS,S1241,BUL
C1235,Kamau,Popov,318 STJEDDJ Street,WBZZS,S1241,BUL
C1261,Sara,Fernández,318 STJEDDJ Street,WBZZS,S1241,BUL
C1414,Seo-Yun,Li,318 STJEDDJ Street,WBZZS,S1241,BUL
C1247,Ana,Ferrari,397 QNLWQQP Street,OGYBM,S472,BUL
C1269,Hannah,Sokolov,397 QNLWQQP Street,OGYBM,S472,BUL
C0181,Wanjiru,Tanaka,417 QVLFKTS Street,BCGHB,S976,BUL
C1086,Lucia,Jung,417 QVLFKTS Street,BCGHB,S976,BUL
C0734,Phoena,Russo,420 DZTCZPA Street,XNXLN,S718,BUL
C0050,Chukwuma,Rossi,443 TCKVLAZ Street,RPVCO,S825,BUL
C0122,Lucia,Russo,443 TCKVLAZ Street,RPVCO,S825,BUL
C0136,Yağmur,Schmidt,443 TCKVLAZ Street,RPVCO,S825,BUL
C0335,Jakub,Vlachos,443 TCKVLAZ Street,RPVCO,S825,BUL
C1397,Paulette,Rossi,443 TCKVLAZ Street,RPVCO,S825,BUL
C0883,Lucia,Kumar,458 GNSFMQJ Street,JYHFH,S131,BUL
C1276,Paulette,Nguyen,458 GNSFMQJ Street,JYHFH,S131,BUL
C1328,Mei,Rossi,458 GNSFMQJ Street,JYHFH,S131,BUL
C0092,Hye-Jin,Sharma,505 KUUGFFH Street,EJAHT,S580,BUL
C0388,Hiroto,Popov,505 KUUGFFH Street,EJAHT,S580,BUL
C0630,Berat,Hoang,505 KUUGFFH Street,EJAHT,S580,BUL
C0851,Kamau,Gupta,505 KUUGFFH Street,EJAHT,S580,BUL
C1326,Emma,Park,505 KUUGFFH Street,EJAHT,S580,BUL
C0483,Sophia,Martin,508 AQHQIVS Street,WRVIF,S764,BUL
C1079,Martina,Kim,508 AQHQIVS Street,WRVIF,S764,BUL
C0480,Elif,Rossi,719 XTVTJBH Street,TTYBS,S341,BUL
C0626,Emir,López,719 XTVTJBH Street,TTYBS,S341,BUL
C1280,Zeynep,Çelik,719 XTVTJBH Street,TTYBS,S341,BUL
C0620,Mateo,Weber,727 PAVCEYU Street,AIEWI,S817,BUL
C0712,Chidinma,Ferrari,727 PAVCEYU Street,AIEWI,S817,BUL
C0717,Sofia,Bianchi,727 PAVCEYU Street,AIEWI,S817,BUL
C0905,Hiroto,Wilson,727 PAVCEYU Street,AIEWI,S817,BUL
C1434,Karram,Liu,727 PAVCEYU Street,AIEWI,S817,BUL
C0425,Min-Jun,Taylor,803 CEAAIUG Street,OSJFZ,S1093,BUL
C0800,Emma,Takahashi,803 CEAAIUG Street,OSJFZ,S1093,BUL
C0368,Hannah,Wilson,015 CSYTACR Street,OOZPK,S356,CAM
C0487,Mary,Takahashi,041 EGKQHJU Street,PAVUZ,S509,CAM
C1034,Hina,Campbell,041 EGKQHJU Street,PAVUZ,S509,CAM
C0352,Ming,Liu,129 KITKMBL Street,VIKAS,S1285,CAM
C0419,Sai,Weber,129 KITKMBL Street,VIKAS,S1285,CAM
C1171,Mary,Dubois,129 KITKMBL Street,VIKAS,S1285,CAM
C0485,Sophia,Singh,217 XHCWWYS Street,SBUCB,S1165,CAM
C0541,Yağmur,Sharma,217 XHCWWYS Street,SBUCB,S1165,CAM
C0875,Gabriel,Ferrari,217 XHCWWYS Street,SBUCB,S1165,CAM
C0889,James,Yılmaz,217 XHCWWYS Street,SBUCB,S1165,CAM
C0304,James,Patel,255 IJYDIPI Street,IPMLX,S1072,CAM
C0599,Harry,Zhang,255 IJYDIPI Street,IPMLX,S1072,CAM
C0805,Ana,Campbell,255 IJYDIPI Street,IPMLX,S1072,CAM
C0323,Alessandro,Ivanov,271 DEBZKOU Street,BQIDA,S641,CAM
C0079,Kamau,Chen,293 MKYVQNV Street,IONBJ,S520,CAM
C0252,Ahmed,Nguyen,293 MKYVQNV Street,IONBJ,S520,CAM
C0458,Ren,Demir,293 MKYVQNV Street,IONBJ,S520,CAM
C0804,Amelia,Demir,293 MKYVQNV Street,IONBJ,S520,CAM
C1199,Ifeoma,Tran,293 MKYVQNV Street,IONBJ,S520,CAM
C1279,Bridgette,Watanabe,293 MKYVQNV Street,IONBJ,S520,CAM
C1371,Phoena,Fernández,293 MKYVQNV Street,IONBJ,S520,CAM
C0611,Harry,Liu,300 EWYFLIL Street,DUPXW,S547,CAM
C1099,Samantha,Li,300 EWYFLIL Street,DUPXW,S547,CAM
C1231,Zeynep,Dubois,300 EWYFLIL Street,DUPXW,S547,CAM
C0164,Gabriel,Yılmaz,340 EBXCRCD Street,FFWNR,S1214,CAM
C0550,Ren,Li,340 EBXCRCD Street,FFWNR,S1214,CAM
C1111,Fatma,Sato,340 EBXCRCD Street,FFWNR,S1214,CAM
C1464,Berat,Dimopoulos,340 EBXCRCD Street,FFWNR,S1214,CAM
C1473,Manon,Schneider,340 EBXCRCD Street,FFWNR,S1214,CAM
C0024,Harry,Campbell,387 NYAUCJW Street,DZJOC,S1422,CAM
C1295,Hina,Martin,387 NYAUCJW Street,DZJOC,S1422,CAM
C0564,Berat,Fischer,477 WJMQTRD Street,XCQGF,S823,CAM
C0058,Seo-Yun,Le,554 UVAMPNS Street,PHREB,S1265,CAM
C0664,Daria,Sokolov,554 UVAMPNS Street,PHREB,S1265,CAM
C0747,Alice,Nikolaou,554 UVAMPNS Street,PHREB,S1265,CAM
C0184,Njeri,Wilson,601 RQIQUNO Street,KTUKB,S574,CAM
C0482,Yan,Stanescu,601 RQIQUNO Street,KTUKB,S574,CAM
C1302,Beatriz,Kaya,601 RQIQUNO Street,KTUKB,S574,CAM
C1306,Fang,Tanaka,601 RQIQUNO Street,KTUKB,S574,CAM
C1471,Aanya,Thomas,601 RQIQUNO Street,KTUKB,S574,CAM
C1488,Yuki,Ivanov,601 RQIQUNO Street,KTUKB,S574,CAM
C0378,Mateo,Campbell,630 WTZYBXQ Street,LRTFQ,S168,CAM
C0540,Alice,Sokolov,630 WTZYBXQ Street,LRTFQ,S168,CAM
C1033,Lucia,Smirnov,630 WTZYBXQ Street,LRTFQ,S168,CAM
C1299,Filip,Rodríguez,630 WTZYBXQ Street,LRTFQ,S168,CAM
C0427,Amelia,Popov,647 GOMOKSU Street,YISRB,S1077,CAM
C0207,Aanya,Esposito,758 QNQPVQC Street,JPBZC,S1092,CAM
C0046,Oliver,Li,761 QSNMJCO Street,VIKJS,S551,CAM
C0447,Hannah,Nguyen,761 QSNMJCO Street,VIKJS,S551,CAM
C1338,Alice,Russo,761 QSNMJCO Street,VIKJS,S551,CAM
C0009,Ayshama,Patel,810 CCMMFXV Street,TXUUG,S650,CAM
C0120,Ana,Ivanov,810 CCMMFXV Street,TXUUG,S650,CAM
C0287,Carlos,Choi,810 CCMMFXV Street,TXUUG,S650,CAM
C1181,Ifeoma,Smith,810 CCMMFXV Street,TXUUG,S650,CAM
C0894,Ifeoma,Weber,977 LEQYPNB Street,ACJZF,S290,CAM
C1194,Hannah,González,977 LEQYPNB Street,ACJZF,S290,CAM
C0406,Harry,Ionescu,014 GYAWOBT Street,CZXXO,S1168,CAN
C0511,Daria,Williams,014 GYAWOBT Street,CZXXO,S1168,CAN
C0579,Filip,Suzuki,014 GYAWOBT Street,CZXXO,S1168,CAN
C0679,Carlos,Gupta,014 GYAWOBT Street,CZXXO,S1168,CAN
C0792,Fang,Fischer,014 GYAWOBT Street,CZXXO,S1168,CAN
C0179,Martina,Nikolaou,033 PHQJDEG Street,NEWRX,S519,CAN
C0278,Oliver,Liu,033 PHQJDEG Street,NEWRX,S519,CAN
C1448,Wei,Lee,033 PHQJDEG Street,NEWRX,S519,CAN
C0670,Ava,Stoica,100 EQAGCPK Street,NREUJ,S009,CAN